project_title,link,code,status,start_date,description,description_processed,tokenized_description,bigram_descriptions,Unigrams and Bigrams
FUSE – FUll ScalE Industrial Heat Pump Using Natural Refrigerants,https://ispt.eu/projects/fuse/,UH-30-05,Ongoing,,"Supporting the development and success of an industrial heat pump market through the develeopment of a standardized, modular, flexible compression heat pump technology. 
 Incentive 
 High temperature industrial heat pumps are an emerging technology that play a decisive role in providing a sustainable solution for industrial heat demand up to 200°C. Previous ISPT and TKI E&I projects (CATCH-IT, STEPS) have demonstrated the operation of pilot scale compression heat pumps for industrial applications, however CAPEX costs in the order of 500 €/kWth proved to be prohibitive for market introduction.  
 Market and cost reduction studies in the CRUISE project (ongoing) revealed that typical industrial capacities are 1-10 MWth and a lack of standardization for these units and the use of a flammable refrigerant were the most important cost determining factors. However, use of a non-flammable synthetic working medium (HFOs) still poses concerns about not being a long term sustainable solution. 
 The development and success of an industrial heat pump market is indeed dependent on the ability to produce a standardized, modular, flexible compression heat pump technology on a scale level of 1-10 MWth that uses a natural refrigerant and has low CAPEX. 
 Objectives 
 The specific goals to be achieved within the duration of the FUSE project are defined as follows: 
 Develop a full-scale (1-2 MW), steam producing, industrial heat pump using natural working media that uses waste heat sources in the range of 60°C-90°C and produces medium pressure steam (range of 2-5 bar) with a specific investment cost of < 200 €/kWth (excluding integration). Develop a modular compression heat pump design utilizing a limited number of standardized components that can be configured in numerous ways to cover > 70% of the industrial heat pump market. This enables series production and therewith low costs (< 200 €/kWth) and offers still flexibility with respect to operating conditions (power, temperature). Establish a Dutch manufacturer ( Heinen & Hopman ) for the standardized, modular, flexible compression heat pump. Establish heat pump performance under a variety of simulated (industrial process data) static and dynamical conditions at ECN part of TNO, and under field test conditions at the DOW Terneuzen site. 
 Activities 
 Within this project, a consortium of Dutch partners will cooperate to accelerate the uptake of industrial heat pumps using natural working media. A full scale (1-2 MWth) compression heat pump is designed, constructed and tested. Its performance will be characterized through testing on a specifically created industrial heat pump test infrastructure at ECN part of TNO that is able to simulate a variety of process conditions.  
 In addition, the unit will be field tested at DOW Terneuzen. The heat pump is designed using a modular approach utilizing a limited number of standardized components that can be configured in numerous ways to cover a large share of the industrial heat pump market. Partner Heinen & Hopman will implement the necessary measures for establishing a Dutch manufacturer for industrial, steam producing heat pumps. 
 Results 
 Successful completion of this project results in an industrial compression heat pump product for a Dutch manufacturer at scale levels of 1-10 MW that can be produced in a standardized, modular, flexible, and cost effective way and uses a natural refrigerant. This product is able to serve a large share of the industrial heat pump market. As such, this project contributes to economic growth, such as the creation of new jobs in the heat pump sector and increasing the competitiveness of  Dutch industry . Finally, the uptake of industrial heat pumps contributes to the sustainability of Dutch industry through large reductions in both CO 2  emissions and primary energy consumption.",supporting development success industrial heat pump market develeopment standardized modular flexible compression heat pump technology incentive high temperature industrial heat pump emerging technology play decisive role providing sustainable solution industrial heat demand 200°c previous ispt tki ei project catchit step demonstrated operation pilot scale compression heat pump industrial application however capex cost order 500 €kwth proved prohibitive market introduction market cost reduction study cruise project ongoing revealed typical industrial capacity 110 mwth lack standardization unit use flammable refrigerant important cost determining factor however use nonflammable synthetic working medium hfos still pose concern long term sustainable solution development success industrial heat pump market indeed dependent ability produce standardized modular flexible compression heat pump technology scale level 110 mwth us natural refrigerant low capex objective specific goal achieved within duration fuse project defined follows develop fullscale 12 mw steam producing industrial heat pump using natural working medium us waste heat source range 60°c90°c produce medium pressure steam range 25 bar specific investment cost 200 €kwth excluding integration develop modular compression heat pump design utilizing limited number standardized component configured numerous way cover 70 industrial heat pump market enables series production therewith low cost 200 €kwth offer still flexibility respect operating condition power temperature establish dutch manufacturer heinen hopman standardized modular flexible compression heat pump establish heat pump performance variety simulated industrial process data static dynamical condition ecn part tno field test condition dow terneuzen site activity within project consortium dutch partner cooperate accelerate uptake industrial heat pump using natural working medium full scale 12 mwth compression heat pump designed constructed tested performance characterized testing specifically created industrial heat pump test infrastructure ecn part tno able simulate variety process condition addition unit field tested dow terneuzen heat pump designed using modular approach utilizing limited number standardized component configured numerous way cover large share industrial heat pump market partner heinen hopman implement necessary measure establishing dutch manufacturer industrial steam producing heat pump result successful completion project result industrial compression heat pump product dutch manufacturer scale level 110 mw produced standardized modular flexible cost effective way us natural refrigerant product able serve large share industrial heat pump market project contributes economic growth creation new job heat pump sector increasing competitiveness dutch industry finally uptake industrial heat pump contributes sustainability dutch industry large reduction co 2 emission primary energy consumption,"['supporting', 'development', 'success', 'industrial', 'heat', 'pump', 'market', 'develeopment', 'standardized', 'modular', 'flexible', 'compression', 'heat', 'pump', 'technology', 'incentive', 'high', 'temperature', 'industrial', 'heat', 'pump', 'emerging', 'technology', 'play', 'decisive', 'role', 'providing', 'sustainable', 'solution', 'industrial', 'heat', 'demand', '200°c', 'previous', 'ispt', 'tki', 'ei', 'project', 'catchit', 'step', 'demonstrated', 'operation', 'pilot', 'scale', 'compression', 'heat', 'pump', 'industrial', 'application', 'however', 'capex', 'cost', 'order', '500', '€kwth', 'proved', 'prohibitive', 'market', 'introduction', 'market', 'cost', 'reduction', 'study', 'cruise', 'project', 'ongoing', 'revealed', 'typical', 'industrial', 'capacity', '110', 'mwth', 'lack', 'standardization', 'unit', 'use', 'flammable', 'refrigerant', 'important', 'cost', 'determining', 'factor', 'however', 'use', 'nonflammable', 'synthetic', 'working', 'medium', 'hfos', 'still', 'pose', 'concern', 'long', 'term', 'sustainable', 'solution', 'development', 'success', 'industrial', 'heat', 'pump', 'market', 'indeed', 'dependent', 'ability', 'produce', 'standardized', 'modular', 'flexible', 'compression', 'heat', 'pump', 'technology', 'scale', 'level', '110', 'mwth', 'us', 'natural', 'refrigerant', 'low', 'capex', 'objective', 'specific', 'goal', 'achieved', 'within', 'duration', 'fuse', 'project', 'defined', 'follows', 'develop', 'fullscale', '12', 'mw', 'steam', 'producing', 'industrial', 'heat', 'pump', 'using', 'natural', 'working', 'medium', 'us', 'waste', 'heat', 'source', 'range', '60°c90°c', 'produce', 'medium', 'pressure', 'steam', 'range', '25', 'bar', 'specific', 'investment', 'cost', '200', '€kwth', 'excluding', 'integration', 'develop', 'modular', 'compression', 'heat', 'pump', 'design', 'utilizing', 'limited', 'number', 'standardized', 'component', 'configured', 'numerous', 'way', 'cover', '70', 'industrial', 'heat', 'pump', 'market', 'enables', 'series', 'production', 'therewith', 'low', 'cost', '200', '€kwth', 'offer', 'still', 'flexibility', 'respect', 'operating', 'condition', 'power', 'temperature', 'establish', 'dutch', 'manufacturer', 'heinen', 'hopman', 'standardized', 'modular', 'flexible', 'compression', 'heat', 'pump', 'establish', 'heat', 'pump', 'performance', 'variety', 'simulated', 'industrial', 'process', 'data', 'static', 'dynamical', 'condition', 'ecn', 'part', 'tno', 'field', 'test', 'condition', 'dow', 'terneuzen', 'site', 'activity', 'within', 'project', 'consortium', 'dutch', 'partner', 'cooperate', 'accelerate', 'uptake', 'industrial', 'heat', 'pump', 'using', 'natural', 'working', 'medium', 'full', 'scale', '12', 'mwth', 'compression', 'heat', 'pump', 'designed', 'constructed', 'tested', 'performance', 'characterized', 'testing', 'specifically', 'created', 'industrial', 'heat', 'pump', 'test', 'infrastructure', 'ecn', 'part', 'tno', 'able', 'simulate', 'variety', 'process', 'condition', 'addition', 'unit', 'field', 'tested', 'dow', 'terneuzen', 'heat', 'pump', 'designed', 'using', 'modular', 'approach', 'utilizing', 'limited', 'number', 'standardized', 'component', 'configured', 'numerous', 'way', 'cover', 'large', 'share', 'industrial', 'heat', 'pump', 'market', 'partner', 'heinen', 'hopman', 'implement', 'necessary', 'measure', 'establishing', 'dutch', 'manufacturer', 'industrial', 'steam', 'producing', 'heat', 'pump', 'result', 'successful', 'completion', 'project', 'result', 'industrial', 'compression', 'heat', 'pump', 'product', 'dutch', 'manufacturer', 'scale', 'level', '110', 'mw', 'produced', 'standardized', 'modular', 'flexible', 'cost', 'effective', 'way', 'us', 'natural', 'refrigerant', 'product', 'able', 'serve', 'large', 'share', 'industrial', 'heat', 'pump', 'market', 'project', 'contributes', 'economic', 'growth', 'creation', 'new', 'job', 'heat', 'pump', 'sector', 'increasing', 'competitiveness', 'dutch', 'industry', 'finally', 'uptake', 'industrial', 'heat', 'pump', 'contributes', 'sustainability', 'dutch', 'industry', 'large', 'reduction', 'co', '2', 'emission', 'primary', 'energy', 'consumption']","['supporting', 'development', 'success', 'industrial', 'heat', 'pump', 'market', 'develeopment', 'standardized', 'modular', 'flexible', 'compression', 'heat', 'pump', 'technology', 'incentive', 'high', 'temperature', 'industrial', 'heat', 'pump', 'emerging', 'technology', 'play', 'decisive', 'role', 'providing', 'sustainable', 'solution', 'industrial', 'heat', 'demand', '200°c', 'previous', 'ispt', 'tki', 'ei', 'project', 'catchit', 'step', 'demonstrated', 'operation', 'pilot', 'scale', 'compression', 'heat', 'pump', 'industrial', 'application', 'however', 'capex', 'cost', 'order', '500', '€kwth', 'proved', 'prohibitive', 'market', 'introduction', 'market', 'cost', 'reduction', 'study', 'cruise', 'project', 'ongoing', 'revealed', 'typical', 'industrial', 'capacity', '110', 'mwth', 'lack', 'standardization', 'unit', 'use', 'flammable', 'refrigerant', 'important', 'cost', 'determining', 'factor', 'however', 'use', 'nonflammable', 'synthetic', 'working', 'medium', 'hfos', 'still', 'pose', 'concern', 'long', 'term', 'sustainable', 'solution', 'development', 'success', 'industrial', 'heat', 'pump', 'market', 'indeed', 'dependent', 'ability', 'produce', 'standardized', 'modular', 'flexible', 'compression', 'heat', 'pump', 'technology', 'scale', 'level', '110', 'mwth', 'us', 'natural', 'refrigerant', 'low', 'capex', 'objective', 'specific', 'goal', 'achieved', 'within', 'duration', 'fuse', 'project', 'defined', 'follows', 'develop', 'fullscale', '12', 'mw', 'steam', 'producing', 'industrial', 'heat', 'pump', 'using', 'natural', 'working', 'medium', 'us', 'waste', 'heat', 'source', 'range', '60°c90°c', 'produce', 'medium', 'pressure', 'steam', 'range', '25', 'bar', 'specific', 'investment', 'cost', '200', '€kwth', 'excluding', 'integration', 'develop', 'modular', 'compression', 'heat', 'pump', 'design', 'utilizing', 'limited', 'number', 'standardized', 'component', 'configured', 'numerous', 'way', 'cover', '70', 'industrial', 'heat', 'pump', 'market', 'enables', 'series', 'production', 'therewith', 'low', 'cost', '200', '€kwth', 'offer', 'still', 'flexibility', 'respect', 'operating', 'condition', 'power', 'temperature', 'establish', 'dutch', 'manufacturer', 'heinen', 'hopman', 'standardized', 'modular', 'flexible', 'compression', 'heat', 'pump', 'establish', 'heat', 'pump', 'performance', 'variety', 'simulated', 'industrial', 'process', 'data', 'static', 'dynamical', 'condition', 'ecn', 'part', 'tno', 'field', 'test', 'condition', 'dow', 'terneuzen', 'site', 'activity', 'within', 'project', 'consortium', 'dutch', 'partner', 'cooperate', 'accelerate', 'uptake', 'industrial', 'heat', 'pump', 'using', 'natural', 'working', 'medium', 'full', 'scale', '12', 'mwth', 'compression', 'heat', 'pump', 'designed', 'constructed', 'tested', 'performance', 'characterized', 'testing', 'specifically', 'created', 'industrial', 'heat', 'pump', 'test', 'infrastructure', 'ecn', 'part', 'tno', 'able', 'simulate', 'variety', 'process', 'condition', 'addition', 'unit', 'field', 'tested', 'dow', 'terneuzen', 'heat', 'pump', 'designed', 'using', 'modular', 'approach', 'utilizing', 'limited', 'number', 'standardized', 'component', 'configured', 'numerous', 'way', 'cover', 'large', 'share', 'industrial', 'heat', 'pump', 'market', 'partner', 'heinen', 'hopman', 'implement', 'necessary', 'measure', 'establishing', 'dutch', 'manufacturer', 'industrial', 'steam', 'producing', 'heat', 'pump', 'result', 'successful', 'completion', 'project', 'result', 'industrial', 'compression', 'heat', 'pump', 'product', 'dutch', 'manufacturer', 'scale', 'level', '110', 'mw', 'produced', 'standardized', 'modular', 'flexible', 'cost', 'effective', 'way', 'us', 'natural', 'refrigerant', 'product', 'able', 'serve', 'large', 'share', 'industrial', 'heat', 'pump', 'market', 'project', 'contributes', 'economic', 'growth', 'creation', 'new', 'job', 'heat', 'pump', 'sector', 'increasing', 'competitiveness', 'dutch', 'industry', 'finally', 'uptake', 'industrial', 'heat', 'pump', 'contributes', 'sustainability', 'dutch', 'industry', 'large', 'reduction', 'co', '2', 'emission', 'primary', 'energy', 'consumption', 'heat_pump', 'heat_pump', 'heat_pump', 'heat_pump', 'heat_pump', 'heat_pump', 'heat_pump', 'heat_pump', 'heat_pump', 'heat_pump', 'heat_pump', 'heat_pump', 'heat_pump', 'heat_pump', 'heat_pump', 'heat_pump', 'heat_pump', 'heat_pump', 'heat_pump', 'heat_pump', 'heat_pump']",supporting development success industrial heat pump market develeopment standardized modular flexible compression heat pump technology incentive high temperature industrial heat pump emerging technology play decisive role providing sustainable solution industrial heat demand 200°c previous ispt tki ei project catchit step demonstrated operation pilot scale compression heat pump industrial application however capex cost order 500 €kwth proved prohibitive market introduction market cost reduction study cruise project ongoing revealed typical industrial capacity 110 mwth lack standardization unit use flammable refrigerant important cost determining factor however use nonflammable synthetic working medium hfos still pose concern long term sustainable solution development success industrial heat pump market indeed dependent ability produce standardized modular flexible compression heat pump technology scale level 110 mwth us natural refrigerant low capex objective specific goal achieved within duration fuse project defined follows develop fullscale 12 mw steam producing industrial heat pump using natural working medium us waste heat source range 60°c90°c produce medium pressure steam range 25 bar specific investment cost 200 €kwth excluding integration develop modular compression heat pump design utilizing limited number standardized component configured numerous way cover 70 industrial heat pump market enables series production therewith low cost 200 €kwth offer still flexibility respect operating condition power temperature establish dutch manufacturer heinen hopman standardized modular flexible compression heat pump establish heat pump performance variety simulated industrial process data static dynamical condition ecn part tno field test condition dow terneuzen site activity within project consortium dutch partner cooperate accelerate uptake industrial heat pump using natural working medium full scale 12 mwth compression heat pump designed constructed tested performance characterized testing specifically created industrial heat pump test infrastructure ecn part tno able simulate variety process condition addition unit field tested dow terneuzen heat pump designed using modular approach utilizing limited number standardized component configured numerous way cover large share industrial heat pump market partner heinen hopman implement necessary measure establishing dutch manufacturer industrial steam producing heat pump result successful completion project result industrial compression heat pump product dutch manufacturer scale level 110 mw produced standardized modular flexible cost effective way us natural refrigerant product able serve large share industrial heat pump market project contributes economic growth creation new job heat pump sector increasing competitiveness dutch industry finally uptake industrial heat pump contributes sustainability dutch industry large reduction co 2 emission primary energy consumption supporting development success industrial heat pump market develeopment standardized modular flexible compression heat pump technology incentive high temperature industrial heat pump emerging technology play decisive role providing sustainable solution industrial heat demand 200°c previous ispt tki ei project catchit step demonstrated operation pilot scale compression heat pump industrial application however capex cost order 500 €kwth proved prohibitive market introduction market cost reduction study cruise project ongoing revealed typical industrial capacity 110 mwth lack standardization unit use flammable refrigerant important cost determining factor however use nonflammable synthetic working medium hfos still pose concern long term sustainable solution development success industrial heat pump market indeed dependent ability produce standardized modular flexible compression heat pump technology scale level 110 mwth us natural refrigerant low capex objective specific goal achieved within duration fuse project defined follows develop fullscale 12 mw steam producing industrial heat pump using natural working medium us waste heat source range 60°c90°c produce medium pressure steam range 25 bar specific investment cost 200 €kwth excluding integration develop modular compression heat pump design utilizing limited number standardized component configured numerous way cover 70 industrial heat pump market enables series production therewith low cost 200 €kwth offer still flexibility respect operating condition power temperature establish dutch manufacturer heinen hopman standardized modular flexible compression heat pump establish heat pump performance variety simulated industrial process data static dynamical condition ecn part tno field test condition dow terneuzen site activity within project consortium dutch partner cooperate accelerate uptake industrial heat pump using natural working medium full scale 12 mwth compression heat pump designed constructed tested performance characterized testing specifically created industrial heat pump test infrastructure ecn part tno able simulate variety process condition addition unit field tested dow terneuzen heat pump designed using modular approach utilizing limited number standardized component configured numerous way cover large share industrial heat pump market partner heinen hopman implement necessary measure establishing dutch manufacturer industrial steam producing heat pump result successful completion project result industrial compression heat pump product dutch manufacturer scale level 110 mw produced standardized modular flexible cost effective way us natural refrigerant product able serve large share industrial heat pump market project contributes economic growth creation new job heat pump sector increasing competitiveness dutch industry finally uptake industrial heat pump contributes sustainability dutch industry large reduction co 2 emission primary energy consumption heat_pump heat_pump heat_pump heat_pump heat_pump heat_pump heat_pump heat_pump heat_pump heat_pump heat_pump heat_pump heat_pump heat_pump heat_pump heat_pump heat_pump heat_pump heat_pump heat_pump heat_pump
Flexible Efficient Electrification of Industrial Heat Cases,https://ispt.eu/projects/flexible-efficient-electrification-of-industrial-heat-cases/,HP-50-02,Ongoing,"November 13, 2023","Electrification of heat-driven processes is needed for a substantial reduction of CO 2  emissions. However, the challenge is to efficiently move to full electrification while coping with the high variability of the availability and price of electricity. Additionally, there is the co-existence of natural gas boilers and grid connection limitations. This project will develop potential routes based on available technologies through two virtual public simulation cases. These simulationas will enable partners to share and promote their expertise without having to disclose confidential information.  
 In short: 
 
 This project will develop innovative process designs solving the efficient flexible electrification challenge 
 The designs are simulated through two distinct virtual cases: agro-food and chemicals, allowing for open innovation   
 The industry, technology suppliers and technology experts participate by sharing their knowledge and expertise  
 Increased efficiency in flexible electrification of heat-driven processes saves substantial amounts of energy. This contributes to a CO 2 -neutral industrial heat system  
 
 The impact of efficient and flexible electrification 
 Large-scale electrification of industry is necessary for achieving CO 2  reduction and gas dependency reduction. However, moving towards full electrification, while natural gas boilers still co-exist and grid connections are limited, is challenging. Moreover, companies struggle with the high variability and price of electricity.   
 The development of collaborative insights that can help to overcome these challenges usually requires the disclosure of confidential process information. For this reason, the Flexible Efficient Electrification of Industrial Heat Cases project develops two different simulations that will allow companies to share their insights into the specific challenges of industrial heat driven processes, without having to share company specific confidential information. This open innovation concept also allows technology suppliers to cooperate and communicate about concrete solutions for realistic and recognizable industrial processes. Through the project, the industry gets insights in potential combinations of available technologies to solve the challenges in their own heat-driven processes to achieve efficient and flexible electrification. This will stimulate a CO 2 -neutral industrial heat system.​  
 Two virtual cases 
 The aim of the project is to develop innovative process designs solving the efficient flexible electrification challenge of the agro-food and chemical industry processes. 
 Together with FME, ISPT has set up two realistic virtual cases. These cases are meant as inspirational realistic examples for all industries. They include the most relevant heat-related unit operations of an agro-food and chemical production process. By setting up these cases virtually, it is possible to share information and data on unit operations and possible smart solutions for electrification, even when these solutions are at the heart of the production process. 
 
 
 Chemistry  
 
 
 Agro-Food 
 
 
 The activities 
 Throughout this initiative the consortium will focus on: 
 
 Joint development between process industry and technology suppliers on two real public cases. This collaboration includes the development of possible process designs with new technologies for renewable energy, electrification, and energy storage. 
 Communication and dissemination through open publications and regular joint physical meetings with the consortium. The aim is to present and discuss interim results and potential solutions from external organizations or student groups. 
 
 The expected results 
 Through a series of in-depth meetings on each case, the industry (agro-food and chemicals), technology suppliers, and technology experts work together to develop innovative solutions. They will approach the cases from different angles, perspectives and conditions. The solutions incorporate technologies that are, or will soon be, available. Moreover, various challenges are considered, such as: transition to zero-emission, integration into congested grid, growing supply of renewables, local restrictions or opportunities.  
 Potential elements of these solutions include hybridisation, temporary scaling down of processes in times of shortage, energy storage to capture the surpluses, local renewable energy generation and heat pumps for efficient electrification of heat driven processes.  
 
 Also interesting to read 
 
 The Heat is On!   
 This project is part of the  Heat Integration Platform",electrification heatdriven process needed substantial reduction co 2 emission however challenge efficiently move full electrification coping high variability availability price electricity additionally coexistence natural gas boiler grid connection limitation project develop potential route based available technology two virtual public simulation case simulationas enable partner share promote expertise without disclose confidential information short project develop innovative process design solving efficient flexible electrification challenge design simulated two distinct virtual case agrofood chemical allowing open innovation industry technology supplier technology expert participate sharing knowledge expertise increased efficiency flexible electrification heatdriven process save substantial amount energy contributes co 2 neutral industrial heat system impact efficient flexible electrification largescale electrification industry necessary achieving co 2 reduction gas dependency reduction however moving towards full electrification natural gas boiler still coexist grid connection limited challenging moreover company struggle high variability price electricity development collaborative insight help overcome challenge usually requires disclosure confidential process information reason flexible efficient electrification industrial heat case project develops two different simulation allow company share insight specific challenge industrial heat driven process without share company specific confidential information open innovation concept also allows technology supplier cooperate communicate concrete solution realistic recognizable industrial process project industry get insight potential combination available technology solve challenge heatdriven process achieve efficient flexible electrification stimulate co 2 neutral industrial heat system​ two virtual case aim project develop innovative process design solving efficient flexible electrification challenge agrofood chemical industry process together fme ispt set two realistic virtual case case meant inspirational realistic example industry include relevant heatrelated unit operation agrofood chemical production process setting case virtually possible share information data unit operation possible smart solution electrification even solution heart production process chemistry agrofood activity throughout initiative consortium focus joint development process industry technology supplier two real public case collaboration includes development possible process design new technology renewable energy electrification energy storage communication dissemination open publication regular joint physical meeting consortium aim present discus interim result potential solution external organization student group expected result series indepth meeting case industry agrofood chemical technology supplier technology expert work together develop innovative solution approach case different angle perspective condition solution incorporate technology soon available moreover various challenge considered transition zeroemission integration congested grid growing supply renewables local restriction opportunity potential element solution include hybridisation temporary scaling process time shortage energy storage capture surplus local renewable energy generation heat pump efficient electrification heat driven process also interesting read heat project part heat integration platform,"['electrification', 'heatdriven', 'process', 'needed', 'substantial', 'reduction', 'co', '2', 'emission', 'however', 'challenge', 'efficiently', 'move', 'full', 'electrification', 'coping', 'high', 'variability', 'availability', 'price', 'electricity', 'additionally', 'coexistence', 'natural', 'gas', 'boiler', 'grid', 'connection', 'limitation', 'project', 'develop', 'potential', 'route', 'based', 'available', 'technology', 'two', 'virtual', 'public', 'simulation', 'case', 'simulationas', 'enable', 'partner', 'share', 'promote', 'expertise', 'without', 'disclose', 'confidential', 'information', 'short', 'project', 'develop', 'innovative', 'process', 'design', 'solving', 'efficient', 'flexible', 'electrification', 'challenge', 'design', 'simulated', 'two', 'distinct', 'virtual', 'case', 'agrofood', 'chemical', 'allowing', 'open', 'innovation', 'industry', 'technology', 'supplier', 'technology', 'expert', 'participate', 'sharing', 'knowledge', 'expertise', 'increased', 'efficiency', 'flexible', 'electrification', 'heatdriven', 'process', 'save', 'substantial', 'amount', 'energy', 'contributes', 'co', '2', 'neutral', 'industrial', 'heat', 'system', 'impact', 'efficient', 'flexible', 'electrification', 'largescale', 'electrification', 'industry', 'necessary', 'achieving', 'co', '2', 'reduction', 'gas', 'dependency', 'reduction', 'however', 'moving', 'towards', 'full', 'electrification', 'natural', 'gas', 'boiler', 'still', 'coexist', 'grid', 'connection', 'limited', 'challenging', 'moreover', 'company', 'struggle', 'high', 'variability', 'price', 'electricity', 'development', 'collaborative', 'insight', 'help', 'overcome', 'challenge', 'usually', 'requires', 'disclosure', 'confidential', 'process', 'information', 'reason', 'flexible', 'efficient', 'electrification', 'industrial', 'heat', 'case', 'project', 'develops', 'two', 'different', 'simulation', 'allow', 'company', 'share', 'insight', 'specific', 'challenge', 'industrial', 'heat', 'driven', 'process', 'without', 'share', 'company', 'specific', 'confidential', 'information', 'open', 'innovation', 'concept', 'also', 'allows', 'technology', 'supplier', 'cooperate', 'communicate', 'concrete', 'solution', 'realistic', 'recognizable', 'industrial', 'process', 'project', 'industry', 'get', 'insight', 'potential', 'combination', 'available', 'technology', 'solve', 'challenge', 'heatdriven', 'process', 'achieve', 'efficient', 'flexible', 'electrification', 'stimulate', 'co', '2', 'neutral', 'industrial', 'heat', 'system\u200b', 'two', 'virtual', 'case', 'aim', 'project', 'develop', 'innovative', 'process', 'design', 'solving', 'efficient', 'flexible', 'electrification', 'challenge', 'agrofood', 'chemical', 'industry', 'process', 'together', 'fme', 'ispt', 'set', 'two', 'realistic', 'virtual', 'case', 'case', 'meant', 'inspirational', 'realistic', 'example', 'industry', 'include', 'relevant', 'heatrelated', 'unit', 'operation', 'agrofood', 'chemical', 'production', 'process', 'setting', 'case', 'virtually', 'possible', 'share', 'information', 'data', 'unit', 'operation', 'possible', 'smart', 'solution', 'electrification', 'even', 'solution', 'heart', 'production', 'process', 'chemistry', 'agrofood', 'activity', 'throughout', 'initiative', 'consortium', 'focus', 'joint', 'development', 'process', 'industry', 'technology', 'supplier', 'two', 'real', 'public', 'case', 'collaboration', 'includes', 'development', 'possible', 'process', 'design', 'new', 'technology', 'renewable', 'energy', 'electrification', 'energy', 'storage', 'communication', 'dissemination', 'open', 'publication', 'regular', 'joint', 'physical', 'meeting', 'consortium', 'aim', 'present', 'discus', 'interim', 'result', 'potential', 'solution', 'external', 'organization', 'student', 'group', 'expected', 'result', 'series', 'indepth', 'meeting', 'case', 'industry', 'agrofood', 'chemical', 'technology', 'supplier', 'technology', 'expert', 'work', 'together', 'develop', 'innovative', 'solution', 'approach', 'case', 'different', 'angle', 'perspective', 'condition', 'solution', 'incorporate', 'technology', 'soon', 'available', 'moreover', 'various', 'challenge', 'considered', 'transition', 'zeroemission', 'integration', 'congested', 'grid', 'growing', 'supply', 'renewables', 'local', 'restriction', 'opportunity', 'potential', 'element', 'solution', 'include', 'hybridisation', 'temporary', 'scaling', 'process', 'time', 'shortage', 'energy', 'storage', 'capture', 'surplus', 'local', 'renewable', 'energy', 'generation', 'heat', 'pump', 'efficient', 'electrification', 'heat', 'driven', 'process', 'also', 'interesting', 'read', 'heat', 'project', 'part', 'heat', 'integration', 'platform']","['electrification', 'heatdriven', 'process', 'needed', 'substantial', 'reduction', 'co', '2', 'emission', 'however', 'challenge', 'efficiently', 'move', 'full', 'electrification', 'coping', 'high', 'variability', 'availability', 'price', 'electricity', 'additionally', 'coexistence', 'natural', 'gas', 'boiler', 'grid', 'connection', 'limitation', 'project', 'develop', 'potential', 'route', 'based', 'available', 'technology', 'two', 'virtual', 'public', 'simulation', 'case', 'simulationas', 'enable', 'partner', 'share', 'promote', 'expertise', 'without', 'disclose', 'confidential', 'information', 'short', 'project', 'develop', 'innovative', 'process', 'design', 'solving', 'efficient', 'flexible', 'electrification', 'challenge', 'design', 'simulated', 'two', 'distinct', 'virtual', 'case', 'agrofood', 'chemical', 'allowing', 'open', 'innovation', 'industry', 'technology', 'supplier', 'technology', 'expert', 'participate', 'sharing', 'knowledge', 'expertise', 'increased', 'efficiency', 'flexible', 'electrification', 'heatdriven', 'process', 'save', 'substantial', 'amount', 'energy', 'contributes', 'co', '2', 'neutral', 'industrial', 'heat', 'system', 'impact', 'efficient', 'flexible', 'electrification', 'largescale', 'electrification', 'industry', 'necessary', 'achieving', 'co', '2', 'reduction', 'gas', 'dependency', 'reduction', 'however', 'moving', 'towards', 'full', 'electrification', 'natural', 'gas', 'boiler', 'still', 'coexist', 'grid', 'connection', 'limited', 'challenging', 'moreover', 'company', 'struggle', 'high', 'variability', 'price', 'electricity', 'development', 'collaborative', 'insight', 'help', 'overcome', 'challenge', 'usually', 'requires', 'disclosure', 'confidential', 'process', 'information', 'reason', 'flexible', 'efficient', 'electrification', 'industrial', 'heat', 'case', 'project', 'develops', 'two', 'different', 'simulation', 'allow', 'company', 'share', 'insight', 'specific', 'challenge', 'industrial', 'heat', 'driven', 'process', 'without', 'share', 'company', 'specific', 'confidential', 'information', 'open', 'innovation', 'concept', 'also', 'allows', 'technology', 'supplier', 'cooperate', 'communicate', 'concrete', 'solution', 'realistic', 'recognizable', 'industrial', 'process', 'project', 'industry', 'get', 'insight', 'potential', 'combination', 'available', 'technology', 'solve', 'challenge', 'heatdriven', 'process', 'achieve', 'efficient', 'flexible', 'electrification', 'stimulate', 'co', '2', 'neutral', 'industrial', 'heat', 'system\u200b', 'two', 'virtual', 'case', 'aim', 'project', 'develop', 'innovative', 'process', 'design', 'solving', 'efficient', 'flexible', 'electrification', 'challenge', 'agrofood', 'chemical', 'industry', 'process', 'together', 'fme', 'ispt', 'set', 'two', 'realistic', 'virtual', 'case', 'case', 'meant', 'inspirational', 'realistic', 'example', 'industry', 'include', 'relevant', 'heatrelated', 'unit', 'operation', 'agrofood', 'chemical', 'production', 'process', 'setting', 'case', 'virtually', 'possible', 'share', 'information', 'data', 'unit', 'operation', 'possible', 'smart', 'solution', 'electrification', 'even', 'solution', 'heart', 'production', 'process', 'chemistry', 'agrofood', 'activity', 'throughout', 'initiative', 'consortium', 'focus', 'joint', 'development', 'process', 'industry', 'technology', 'supplier', 'two', 'real', 'public', 'case', 'collaboration', 'includes', 'development', 'possible', 'process', 'design', 'new', 'technology', 'renewable', 'energy', 'electrification', 'energy', 'storage', 'communication', 'dissemination', 'open', 'publication', 'regular', 'joint', 'physical', 'meeting', 'consortium', 'aim', 'present', 'discus', 'interim', 'result', 'potential', 'solution', 'external', 'organization', 'student', 'group', 'expected', 'result', 'series', 'indepth', 'meeting', 'case', 'industry', 'agrofood', 'chemical', 'technology', 'supplier', 'technology', 'expert', 'work', 'together', 'develop', 'innovative', 'solution', 'approach', 'case', 'different', 'angle', 'perspective', 'condition', 'solution', 'incorporate', 'technology', 'soon', 'available', 'moreover', 'various', 'challenge', 'considered', 'transition', 'zeroemission', 'integration', 'congested', 'grid', 'growing', 'supply', 'renewables', 'local', 'restriction', 'opportunity', 'potential', 'element', 'solution', 'include', 'hybridisation', 'temporary', 'scaling', 'process', 'time', 'shortage', 'energy', 'storage', 'capture', 'surplus', 'local', 'renewable', 'energy', 'generation', 'heat', 'pump', 'efficient', 'electrification', 'heat', 'driven', 'process', 'also', 'interesting', 'read', 'heat', 'project', 'part', 'heat', 'integration', 'platform', 'heat_pump']",electrification heatdriven process needed substantial reduction co 2 emission however challenge efficiently move full electrification coping high variability availability price electricity additionally coexistence natural gas boiler grid connection limitation project develop potential route based available technology two virtual public simulation case simulationas enable partner share promote expertise without disclose confidential information short project develop innovative process design solving efficient flexible electrification challenge design simulated two distinct virtual case agrofood chemical allowing open innovation industry technology supplier technology expert participate sharing knowledge expertise increased efficiency flexible electrification heatdriven process save substantial amount energy contributes co 2 neutral industrial heat system impact efficient flexible electrification largescale electrification industry necessary achieving co 2 reduction gas dependency reduction however moving towards full electrification natural gas boiler still coexist grid connection limited challenging moreover company struggle high variability price electricity development collaborative insight help overcome challenge usually requires disclosure confidential process information reason flexible efficient electrification industrial heat case project develops two different simulation allow company share insight specific challenge industrial heat driven process without share company specific confidential information open innovation concept also allows technology supplier cooperate communicate concrete solution realistic recognizable industrial process project industry get insight potential combination available technology solve challenge heatdriven process achieve efficient flexible electrification stimulate co 2 neutral industrial heat system​ two virtual case aim project develop innovative process design solving efficient flexible electrification challenge agrofood chemical industry process together fme ispt set two realistic virtual case case meant inspirational realistic example industry include relevant heatrelated unit operation agrofood chemical production process setting case virtually possible share information data unit operation possible smart solution electrification even solution heart production process chemistry agrofood activity throughout initiative consortium focus joint development process industry technology supplier two real public case collaboration includes development possible process design new technology renewable energy electrification energy storage communication dissemination open publication regular joint physical meeting consortium aim present discus interim result potential solution external organization student group expected result series indepth meeting case industry agrofood chemical technology supplier technology expert work together develop innovative solution approach case different angle perspective condition solution incorporate technology soon available moreover various challenge considered transition zeroemission integration congested grid growing supply renewables local restriction opportunity potential element solution include hybridisation temporary scaling process time shortage energy storage capture surplus local renewable energy generation heat pump efficient electrification heat driven process also interesting read heat project part heat integration platform electrification heatdriven process needed substantial reduction co 2 emission however challenge efficiently move full electrification coping high variability availability price electricity additionally coexistence natural gas boiler grid connection limitation project develop potential route based available technology two virtual public simulation case simulationas enable partner share promote expertise without disclose confidential information short project develop innovative process design solving efficient flexible electrification challenge design simulated two distinct virtual case agrofood chemical allowing open innovation industry technology supplier technology expert participate sharing knowledge expertise increased efficiency flexible electrification heatdriven process save substantial amount energy contributes co 2 neutral industrial heat system impact efficient flexible electrification largescale electrification industry necessary achieving co 2 reduction gas dependency reduction however moving towards full electrification natural gas boiler still coexist grid connection limited challenging moreover company struggle high variability price electricity development collaborative insight help overcome challenge usually requires disclosure confidential process information reason flexible efficient electrification industrial heat case project develops two different simulation allow company share insight specific challenge industrial heat driven process without share company specific confidential information open innovation concept also allows technology supplier cooperate communicate concrete solution realistic recognizable industrial process project industry get insight potential combination available technology solve challenge heatdriven process achieve efficient flexible electrification stimulate co 2 neutral industrial heat system​ two virtual case aim project develop innovative process design solving efficient flexible electrification challenge agrofood chemical industry process together fme ispt set two realistic virtual case case meant inspirational realistic example industry include relevant heatrelated unit operation agrofood chemical production process setting case virtually possible share information data unit operation possible smart solution electrification even solution heart production process chemistry agrofood activity throughout initiative consortium focus joint development process industry technology supplier two real public case collaboration includes development possible process design new technology renewable energy electrification energy storage communication dissemination open publication regular joint physical meeting consortium aim present discus interim result potential solution external organization student group expected result series indepth meeting case industry agrofood chemical technology supplier technology expert work together develop innovative solution approach case different angle perspective condition solution incorporate technology soon available moreover various challenge considered transition zeroemission integration congested grid growing supply renewables local restriction opportunity potential element solution include hybridisation temporary scaling process time shortage energy storage capture surplus local renewable energy generation heat pump efficient electrification heat driven process also interesting read heat project part heat integration platform heat_pump
VERA – Accelerating Energy Transition Realization Approach,https://ispt.eu/projects/vera/,ST-20-05,Completed,"September 1, 2017","The Vera project aims to further develop and implement industrial heat pumps in the Netherlands. 
 Heat pump technology has a lot of potential. For instance to reduce energy-use, promote electrification, and stimulate circularity in industrial processes. However, the success of industrial heat pump technology strongly depends on how well its innovation system develops. 
 The Vera project aims to identify ways to improve the conditions for further development and implementation of industrial heat pumps in the Netherlands. It does so by analyzing its Technological Innovation System (TIS). As a result, it analyzes how well seven key processes are fulfilled and which problems are inhibiting TIS performance.  
 In addition, the project formulates interventions that increase TIS performance, consequently contributing to further development and implementation of industrial heat humps in the Netherlands.",vera project aim develop implement industrial heat pump netherlands heat pump technology lot potential instance reduce energyuse promote electrification stimulate circularity industrial process however success industrial heat pump technology strongly depends well innovation system develops vera project aim identify way improve condition development implementation industrial heat pump netherlands analyzing technological innovation system ti result analyzes well seven key process fulfilled problem inhibiting ti performance addition project formulates intervention increase ti performance consequently contributing development implementation industrial heat hump netherlands,"['vera', 'project', 'aim', 'develop', 'implement', 'industrial', 'heat', 'pump', 'netherlands', 'heat', 'pump', 'technology', 'lot', 'potential', 'instance', 'reduce', 'energyuse', 'promote', 'electrification', 'stimulate', 'circularity', 'industrial', 'process', 'however', 'success', 'industrial', 'heat', 'pump', 'technology', 'strongly', 'depends', 'well', 'innovation', 'system', 'develops', 'vera', 'project', 'aim', 'identify', 'way', 'improve', 'condition', 'development', 'implementation', 'industrial', 'heat', 'pump', 'netherlands', 'analyzing', 'technological', 'innovation', 'system', 'ti', 'result', 'analyzes', 'well', 'seven', 'key', 'process', 'fulfilled', 'problem', 'inhibiting', 'ti', 'performance', 'addition', 'project', 'formulates', 'intervention', 'increase', 'ti', 'performance', 'consequently', 'contributing', 'development', 'implementation', 'industrial', 'heat', 'hump', 'netherlands']","['vera', 'project', 'aim', 'develop', 'implement', 'industrial', 'heat', 'pump', 'netherlands', 'heat', 'pump', 'technology', 'lot', 'potential', 'instance', 'reduce', 'energyuse', 'promote', 'electrification', 'stimulate', 'circularity', 'industrial', 'process', 'however', 'success', 'industrial', 'heat', 'pump', 'technology', 'strongly', 'depends', 'well', 'innovation', 'system', 'develops', 'vera', 'project', 'aim', 'identify', 'way', 'improve', 'condition', 'development', 'implementation', 'industrial', 'heat', 'pump', 'netherlands', 'analyzing', 'technological', 'innovation', 'system', 'ti', 'result', 'analyzes', 'well', 'seven', 'key', 'process', 'fulfilled', 'problem', 'inhibiting', 'ti', 'performance', 'addition', 'project', 'formulates', 'intervention', 'increase', 'ti', 'performance', 'consequently', 'contributing', 'development', 'implementation', 'industrial', 'heat', 'hump', 'netherlands', 'heat_pump', 'heat_pump', 'heat_pump', 'heat_pump']",vera project aim develop implement industrial heat pump netherlands heat pump technology lot potential instance reduce energyuse promote electrification stimulate circularity industrial process however success industrial heat pump technology strongly depends well innovation system develops vera project aim identify way improve condition development implementation industrial heat pump netherlands analyzing technological innovation system ti result analyzes well seven key process fulfilled problem inhibiting ti performance addition project formulates intervention increase ti performance consequently contributing development implementation industrial heat hump netherlands vera project aim develop implement industrial heat pump netherlands heat pump technology lot potential instance reduce energyuse promote electrification stimulate circularity industrial process however success industrial heat pump technology strongly depends well innovation system develops vera project aim identify way improve condition development implementation industrial heat pump netherlands analyzing technological innovation system ti result analyzes well seven key process fulfilled problem inhibiting ti performance addition project formulates intervention increase ti performance consequently contributing development implementation industrial heat hump netherlands heat_pump heat_pump heat_pump heat_pump
CRUISE – Cost Reduction Industrial Heatpumps,https://ispt.eu/projects/cruise/,UH-20-11,Ongoing,"October 1, 2016","The objective of this project is to develop 50% less expensive heat pump technology that generates heat in an economically feasible way for industrial applications, using waste heat and (renewable) electricity. This technology can be applied cross sectoral and offers large energy savings. The cost target range is between  150-200 €/kWth . 
 In short: 
 
 Developing a 50% less expensive heat pump technology 
 For industrial application 
 A final report on the cost reduction, new compression heatpump and a market analysis  
 
 About the CRUISE project 
 The project starts with identifying the specific needs of the industrial end-users and the specific requirements of heat pump integration, by close cooperation between industrial end-users and technology providers. Options for cost reduction are identified by the technology providers and  ECN  and assessed in a separate work package. Two heat pump concepts (compression & thermoacoustic) will be manufactured and tested that meet the cost objective of this project. Testing of both concepts will be carried out by ECN. A separate work package is devoted to defining the market potential, including dissemination, carried out by ISPT and FME.  
 The achieved results 
 The project results are split up into four sections: cost reductions, compression heat pump, thermo-acoustic heat pump and market analysis. The summary of the results is available below, please check also the CRUISE Public Report (in Dutch) for more details, the report can be downloaded under all project publications. 
 1. Cost reductions 
 The cost reduction study for compression heat pumps shows that serial construction and application of other types of compressors can reduce the investment costs at least in half from the current 500 € / kWth to 250 € / kWth for a system on a 2 MW scale. Based on these principles, a conceptual design with use of non-flammable working medium has been made for a 2 MW heat pump. 
 2. Compression heat pump 
 Results indicate that it is also possible to generate high-temperature heat in the form of steam with a synthetic working medium. It is expected that with the tested working medium in combination with a suitable oil comparable performance, both in terms of delivery temperature and efficiency, can be achieved as Pentane. 
 3. Thermo-acoustic heat pump 
 Within this project it was decided to connect an existing heat pump (TASTE project, TEEI314009) to a new, larger compressor. After design adjustments and starting the compressor, it was found that the intended operating range could not be reached when increasing the speed. The cause of this appears to be a small opening in the (temporary) bypass line. This causes a lot of losses and must be removed. Despite the low pressure amplitude, a clear pumping action was visible. The thermocouples in the system showed a rapid build-up of a temperature gradient across the regenerator, indicating that heat pump operation is taking place. 
 4. Market analyses 
 To determine the market for industrial heat pumps, a bottom-up analysis of applications in the EU-28 has been made. The bottom-up market study shows valuable results regarding the application potential of industrial heat pumps in the EU-28 up to a delivery temperature of 200 ° C. Based on available data, a market potential of 24.6 GW is calculated, which supplies 655 PJ of heat to industrial processes. The study has also increased insight into the desired capacities of an industrial heat pump. The large numbers, and therefore possibilities for series production, are for power sizes <10 MW. The market study can be further improved by better availability of process data. 
 
 Go  here  to download the final project report.",objective project develop 50 le expensive heat pump technology generates heat economically feasible way industrial application using waste heat renewable electricity technology applied cross sectoral offer large energy saving cost target range 150200 €kwth short developing 50 le expensive heat pump technology industrial application final report cost reduction new compression heatpump market analysis cruise project project start identifying specific need industrial endusers specific requirement heat pump integration close cooperation industrial endusers technology provider option cost reduction identified technology provider ecn assessed separate work package two heat pump concept compression thermoacoustic manufactured tested meet cost objective project testing concept carried ecn separate work package devoted defining market potential including dissemination carried ispt fme achieved result project result split four section cost reduction compression heat pump thermoacoustic heat pump market analysis summary result available please check also cruise public report dutch detail report downloaded project publication 1 cost reduction cost reduction study compression heat pump show serial construction application type compressor reduce investment cost least half current 500 € kwth 250 € kwth system 2 mw scale based principle conceptual design use nonflammable working medium made 2 mw heat pump 2 compression heat pump result indicate also possible generate hightemperature heat form steam synthetic working medium expected tested working medium combination suitable oil comparable performance term delivery temperature efficiency achieved pentane 3 thermoacoustic heat pump within project decided connect existing heat pump taste project teei314009 new larger compressor design adjustment starting compressor found intended operating range could reached increasing speed cause appears small opening temporary bypass line cause lot loss must removed despite low pressure amplitude clear pumping action visible thermocouple system showed rapid buildup temperature gradient across regenerator indicating heat pump operation taking place 4 market analysis determine market industrial heat pump bottomup analysis application eu28 made bottomup market study show valuable result regarding application potential industrial heat pump eu28 delivery temperature 200 ° c based available data market potential 246 gw calculated supply 655 pj heat industrial process study also increased insight desired capacity industrial heat pump large number therefore possibility series production power size 10 mw market study improved better availability process data go download final project report,"['objective', 'project', 'develop', '50', 'le', 'expensive', 'heat', 'pump', 'technology', 'generates', 'heat', 'economically', 'feasible', 'way', 'industrial', 'application', 'using', 'waste', 'heat', 'renewable', 'electricity', 'technology', 'applied', 'cross', 'sectoral', 'offer', 'large', 'energy', 'saving', 'cost', 'target', 'range', '150200', '€kwth', 'short', 'developing', '50', 'le', 'expensive', 'heat', 'pump', 'technology', 'industrial', 'application', 'final', 'report', 'cost', 'reduction', 'new', 'compression', 'heatpump', 'market', 'analysis', 'cruise', 'project', 'project', 'start', 'identifying', 'specific', 'need', 'industrial', 'endusers', 'specific', 'requirement', 'heat', 'pump', 'integration', 'close', 'cooperation', 'industrial', 'endusers', 'technology', 'provider', 'option', 'cost', 'reduction', 'identified', 'technology', 'provider', 'ecn', 'assessed', 'separate', 'work', 'package', 'two', 'heat', 'pump', 'concept', 'compression', 'thermoacoustic', 'manufactured', 'tested', 'meet', 'cost', 'objective', 'project', 'testing', 'concept', 'carried', 'ecn', 'separate', 'work', 'package', 'devoted', 'defining', 'market', 'potential', 'including', 'dissemination', 'carried', 'ispt', 'fme', 'achieved', 'result', 'project', 'result', 'split', 'four', 'section', 'cost', 'reduction', 'compression', 'heat', 'pump', 'thermoacoustic', 'heat', 'pump', 'market', 'analysis', 'summary', 'result', 'available', 'please', 'check', 'also', 'cruise', 'public', 'report', 'dutch', 'detail', 'report', 'downloaded', 'project', 'publication', '1', 'cost', 'reduction', 'cost', 'reduction', 'study', 'compression', 'heat', 'pump', 'show', 'serial', 'construction', 'application', 'type', 'compressor', 'reduce', 'investment', 'cost', 'least', 'half', 'current', '500', '€', 'kwth', '250', '€', 'kwth', 'system', '2', 'mw', 'scale', 'based', 'principle', 'conceptual', 'design', 'use', 'nonflammable', 'working', 'medium', 'made', '2', 'mw', 'heat', 'pump', '2', 'compression', 'heat', 'pump', 'result', 'indicate', 'also', 'possible', 'generate', 'hightemperature', 'heat', 'form', 'steam', 'synthetic', 'working', 'medium', 'expected', 'tested', 'working', 'medium', 'combination', 'suitable', 'oil', 'comparable', 'performance', 'term', 'delivery', 'temperature', 'efficiency', 'achieved', 'pentane', '3', 'thermoacoustic', 'heat', 'pump', 'within', 'project', 'decided', 'connect', 'existing', 'heat', 'pump', 'taste', 'project', 'teei314009', 'new', 'larger', 'compressor', 'design', 'adjustment', 'starting', 'compressor', 'found', 'intended', 'operating', 'range', 'could', 'reached', 'increasing', 'speed', 'cause', 'appears', 'small', 'opening', 'temporary', 'bypass', 'line', 'cause', 'lot', 'loss', 'must', 'removed', 'despite', 'low', 'pressure', 'amplitude', 'clear', 'pumping', 'action', 'visible', 'thermocouple', 'system', 'showed', 'rapid', 'buildup', 'temperature', 'gradient', 'across', 'regenerator', 'indicating', 'heat', 'pump', 'operation', 'taking', 'place', '4', 'market', 'analysis', 'determine', 'market', 'industrial', 'heat', 'pump', 'bottomup', 'analysis', 'application', 'eu28', 'made', 'bottomup', 'market', 'study', 'show', 'valuable', 'result', 'regarding', 'application', 'potential', 'industrial', 'heat', 'pump', 'eu28', 'delivery', 'temperature', '200', '°', 'c', 'based', 'available', 'data', 'market', 'potential', '246', 'gw', 'calculated', 'supply', '655', 'pj', 'heat', 'industrial', 'process', 'study', 'also', 'increased', 'insight', 'desired', 'capacity', 'industrial', 'heat', 'pump', 'large', 'number', 'therefore', 'possibility', 'series', 'production', 'power', 'size', '10', 'mw', 'market', 'study', 'improved', 'better', 'availability', 'process', 'data', 'go', 'download', 'final', 'project', 'report']","['objective', 'project', 'develop', '50', 'le', 'expensive', 'heat', 'pump', 'technology', 'generates', 'heat', 'economically', 'feasible', 'way', 'industrial', 'application', 'using', 'waste', 'heat', 'renewable', 'electricity', 'technology', 'applied', 'cross', 'sectoral', 'offer', 'large', 'energy', 'saving', 'cost', 'target', 'range', '150200', '€kwth', 'short', 'developing', '50', 'le', 'expensive', 'heat', 'pump', 'technology', 'industrial', 'application', 'final', 'report', 'cost', 'reduction', 'new', 'compression', 'heatpump', 'market', 'analysis', 'cruise', 'project', 'project', 'start', 'identifying', 'specific', 'need', 'industrial', 'endusers', 'specific', 'requirement', 'heat', 'pump', 'integration', 'close', 'cooperation', 'industrial', 'endusers', 'technology', 'provider', 'option', 'cost', 'reduction', 'identified', 'technology', 'provider', 'ecn', 'assessed', 'separate', 'work', 'package', 'two', 'heat', 'pump', 'concept', 'compression', 'thermoacoustic', 'manufactured', 'tested', 'meet', 'cost', 'objective', 'project', 'testing', 'concept', 'carried', 'ecn', 'separate', 'work', 'package', 'devoted', 'defining', 'market', 'potential', 'including', 'dissemination', 'carried', 'ispt', 'fme', 'achieved', 'result', 'project', 'result', 'split', 'four', 'section', 'cost', 'reduction', 'compression', 'heat', 'pump', 'thermoacoustic', 'heat', 'pump', 'market', 'analysis', 'summary', 'result', 'available', 'please', 'check', 'also', 'cruise', 'public', 'report', 'dutch', 'detail', 'report', 'downloaded', 'project', 'publication', '1', 'cost', 'reduction', 'cost', 'reduction', 'study', 'compression', 'heat', 'pump', 'show', 'serial', 'construction', 'application', 'type', 'compressor', 'reduce', 'investment', 'cost', 'least', 'half', 'current', '500', '€', 'kwth', '250', '€', 'kwth', 'system', '2', 'mw', 'scale', 'based', 'principle', 'conceptual', 'design', 'use', 'nonflammable', 'working', 'medium', 'made', '2', 'mw', 'heat', 'pump', '2', 'compression', 'heat', 'pump', 'result', 'indicate', 'also', 'possible', 'generate', 'hightemperature', 'heat', 'form', 'steam', 'synthetic', 'working', 'medium', 'expected', 'tested', 'working', 'medium', 'combination', 'suitable', 'oil', 'comparable', 'performance', 'term', 'delivery', 'temperature', 'efficiency', 'achieved', 'pentane', '3', 'thermoacoustic', 'heat', 'pump', 'within', 'project', 'decided', 'connect', 'existing', 'heat', 'pump', 'taste', 'project', 'teei314009', 'new', 'larger', 'compressor', 'design', 'adjustment', 'starting', 'compressor', 'found', 'intended', 'operating', 'range', 'could', 'reached', 'increasing', 'speed', 'cause', 'appears', 'small', 'opening', 'temporary', 'bypass', 'line', 'cause', 'lot', 'loss', 'must', 'removed', 'despite', 'low', 'pressure', 'amplitude', 'clear', 'pumping', 'action', 'visible', 'thermocouple', 'system', 'showed', 'rapid', 'buildup', 'temperature', 'gradient', 'across', 'regenerator', 'indicating', 'heat', 'pump', 'operation', 'taking', 'place', '4', 'market', 'analysis', 'determine', 'market', 'industrial', 'heat', 'pump', 'bottomup', 'analysis', 'application', 'eu28', 'made', 'bottomup', 'market', 'study', 'show', 'valuable', 'result', 'regarding', 'application', 'potential', 'industrial', 'heat', 'pump', 'eu28', 'delivery', 'temperature', '200', '°', 'c', 'based', 'available', 'data', 'market', 'potential', '246', 'gw', 'calculated', 'supply', '655', 'pj', 'heat', 'industrial', 'process', 'study', 'also', 'increased', 'insight', 'desired', 'capacity', 'industrial', 'heat', 'pump', 'large', 'number', 'therefore', 'possibility', 'series', 'production', 'power', 'size', '10', 'mw', 'market', 'study', 'improved', 'better', 'availability', 'process', 'data', 'go', 'download', 'final', 'project', 'report', 'heat_pump', 'heat_pump', 'heat_pump', 'heat_pump', 'heat_pump', 'heat_pump', 'heat_pump', 'heat_pump', 'heat_pump', 'heat_pump', 'heat_pump', 'heat_pump', 'heat_pump', 'heat_pump', 'heat_pump']",objective project develop 50 le expensive heat pump technology generates heat economically feasible way industrial application using waste heat renewable electricity technology applied cross sectoral offer large energy saving cost target range 150200 €kwth short developing 50 le expensive heat pump technology industrial application final report cost reduction new compression heatpump market analysis cruise project project start identifying specific need industrial endusers specific requirement heat pump integration close cooperation industrial endusers technology provider option cost reduction identified technology provider ecn assessed separate work package two heat pump concept compression thermoacoustic manufactured tested meet cost objective project testing concept carried ecn separate work package devoted defining market potential including dissemination carried ispt fme achieved result project result split four section cost reduction compression heat pump thermoacoustic heat pump market analysis summary result available please check also cruise public report dutch detail report downloaded project publication 1 cost reduction cost reduction study compression heat pump show serial construction application type compressor reduce investment cost least half current 500 € kwth 250 € kwth system 2 mw scale based principle conceptual design use nonflammable working medium made 2 mw heat pump 2 compression heat pump result indicate also possible generate hightemperature heat form steam synthetic working medium expected tested working medium combination suitable oil comparable performance term delivery temperature efficiency achieved pentane 3 thermoacoustic heat pump within project decided connect existing heat pump taste project teei314009 new larger compressor design adjustment starting compressor found intended operating range could reached increasing speed cause appears small opening temporary bypass line cause lot loss must removed despite low pressure amplitude clear pumping action visible thermocouple system showed rapid buildup temperature gradient across regenerator indicating heat pump operation taking place 4 market analysis determine market industrial heat pump bottomup analysis application eu28 made bottomup market study show valuable result regarding application potential industrial heat pump eu28 delivery temperature 200 ° c based available data market potential 246 gw calculated supply 655 pj heat industrial process study also increased insight desired capacity industrial heat pump large number therefore possibility series production power size 10 mw market study improved better availability process data go download final project report objective project develop 50 le expensive heat pump technology generates heat economically feasible way industrial application using waste heat renewable electricity technology applied cross sectoral offer large energy saving cost target range 150200 €kwth short developing 50 le expensive heat pump technology industrial application final report cost reduction new compression heatpump market analysis cruise project project start identifying specific need industrial endusers specific requirement heat pump integration close cooperation industrial endusers technology provider option cost reduction identified technology provider ecn assessed separate work package two heat pump concept compression thermoacoustic manufactured tested meet cost objective project testing concept carried ecn separate work package devoted defining market potential including dissemination carried ispt fme achieved result project result split four section cost reduction compression heat pump thermoacoustic heat pump market analysis summary result available please check also cruise public report dutch detail report downloaded project publication 1 cost reduction cost reduction study compression heat pump show serial construction application type compressor reduce investment cost least half current 500 € kwth 250 € kwth system 2 mw scale based principle conceptual design use nonflammable working medium made 2 mw heat pump 2 compression heat pump result indicate also possible generate hightemperature heat form steam synthetic working medium expected tested working medium combination suitable oil comparable performance term delivery temperature efficiency achieved pentane 3 thermoacoustic heat pump within project decided connect existing heat pump taste project teei314009 new larger compressor design adjustment starting compressor found intended operating range could reached increasing speed cause appears small opening temporary bypass line cause lot loss must removed despite low pressure amplitude clear pumping action visible thermocouple system showed rapid buildup temperature gradient across regenerator indicating heat pump operation taking place 4 market analysis determine market industrial heat pump bottomup analysis application eu28 made bottomup market study show valuable result regarding application potential industrial heat pump eu28 delivery temperature 200 ° c based available data market potential 246 gw calculated supply 655 pj heat industrial process study also increased insight desired capacity industrial heat pump large number therefore possibility series production power size 10 mw market study improved better availability process data go download final project report heat_pump heat_pump heat_pump heat_pump heat_pump heat_pump heat_pump heat_pump heat_pump heat_pump heat_pump heat_pump heat_pump heat_pump heat_pump
